分类,零件代号,目标文件名,来源路径
01_塔基壳体,E-MS-PG,E-MS-PG.prt,Y:/公模花鼓\M400\3D\E-MS-PG.prt
01_塔基壳体,E-XD-PG,E-XD-PG.prt,Y:/公模花鼓\M400\3D\E-XD-PG.prt
01_塔基壳体,M-11S-PG,M-11S-PG.prt,Y:/公模花鼓\CM300\CM300R\3D\M-11S-PG.prt
01_塔基壳体,M-XD-PG,M-XD-PG.prt,Y:/公模花鼓\CM300\CM300R\3D\M-XD-PG.prt
01_塔基壳体,M-XTR-PG,M-XTR-PG.prt,Y:/公模花鼓\CM300\CM300R\3D\M-XTR-PG -DT.prt
01_塔基壳体,M36-11S-3P,M36-11S-3P.prt,Y:/公模花鼓\SR260\CAM\M36-11S-3P-10.prt
01_塔基壳体,M36-11S-3P-SL,M36-11S-3P-SL.prt,Y:/FAR\SR250\CAM\M36-11S-3P-SL.prt
01_塔基壳体,M36-XDR-3P,M36-XDR-3P.prt,Y:/FAR\SR250\CAM\M36-XDR-3P.prt
01_塔基壳体,M41-11S-4P,M41-11S-4P.prt,Y:/EXS\JR8343\CAM\M41-11S-4P.prt
01_塔基壳体,M41-11S-6P,M41-11S-6P.prt,Y:/公模花鼓\JR340\CAM\M41-11S-6P-250723.prt
01_塔基壳体,M41-XDR-6P,M41-XDR-6P.prt,Y:/公模花鼓\SR340\CAM\M41-XDR-6P.prt
01_塔基壳体,M43-11S-4P-SL,M43-11S-4P-SL.prt,Y:/FAR\SR320-V\CAM\M43-11S-4P-SL.prt
01_塔基壳体,M43-XDR-4P,M43-XDR-4P.prt,Y:/FAR\SR320-D\SR320R-D\3D\M43-XDR-4P.prt
01_塔基壳体,PG-11S,PG-11S.prt,Y:/EXS\JR8180\CAM\PG-11S-Ti 精雕.prt
01_塔基壳体,PG-11S-SL,PG-11S-SL.prt,Y:/PG-11S-SL 塔基锻坯.prt
01_塔基壳体,PG-7S-1,PG-7S-1.prt,Y:/三也\T8280\CAM\PG-7S-1 定位柱.prt
01_塔基壳体,PG-BMX-1,PG-BMX-1.prt,Y:/公模花鼓\BMX\3D\PG-BMX-1.prt
01_塔基壳体,PG-CP,PG-CP.prt,Y:/公模花鼓\HX825\HX825R\3D\PG-CP.prt
01_塔基壳体,PG-MSR-1,PG-MSR-1.prt,Y:/PG-MSR 塔基锻坯.prt
01_塔基壳体,PG-N3W,PG-N3W.prt,Y:/公模花鼓\HW321\HW321R\3D\专利申请\PG-N3W.prt
01_塔基壳体,PG-XDR,PG-XDR.prt,Y:/EXS\JR8180\CAM\PG-XDR-Ti.prt
02_套管,02TG151040A,02TG151040A.prt,Y:/公模花鼓\M400\3D\02TG151040A.prt
02_套管,02TG151150A,02TG151150A.prt,Y:/公模花鼓\M400\3D\02TG151150A.prt
02_套管,02TG151536A,02TG151536A.prt,Y:/定制花鼓\8268\8268R\2D\02TG151536A.prt
02_套管,02TG1515SLA,02TG1515SLA.prt,Y:/Brisk\BV3\BV3R\3D\02TG1515SLA.prt
02_套管,02TG1517SLA,02TG1517SLA.prt,Y:/三唯乐\T601\3D\02TG1517SLA.prt
02_套管,02TG191540A,02TG191540A.prt,Y:/碳度\T210R\3D\02TG191540A.prt
02_套管,DQ-15*10-1,DQ-1510-1.prt,Y:/公模花鼓\CM300\CM300R\3D\DQ-1510-1.prt
02_套管,DQ-15*11-SX,DQ-1511-SX.prt,Y:/EXS\JR8180\JR8180R\2D\DQ-1511-SX.prt
02_套管,DQ-15*12-1,DQ-1512-1.prt,Y:/STREN\C001\C001R\3D\DQ-1512-1.prt
02_套管,DQ-15*13-N3W,DQ-1513-N3W.prt,Y:/公模花鼓\HX825\HX825R\3D\DQ-1513-N3W.prt
02_套管,DQ-15*14-1,DQ-1514-1.prt,Y:/公模花鼓\CM300\CM300R\3D\DQ-1514-1.prt
02_套管,DQ-15*15-1,DQ-1515-1.prt,Y:/公模花鼓\SR310\SR310R\2D\DQ-1515-1.prt
02_套管,DQ-15*28-1,DQ-1528-1.prt,Y:/公模花鼓\JR340\JR340R-CL\2D\DQ-1528-1.prt
02_套管,DQ-17*11-1,DQ-1711-1.prt,Y:/FAR\SR250\后花鼓\2D\DQ-1711-1.prt
02_套管,DQ-17*16-1,DQ-1716-1.prt,Y:/公模花鼓\SR260\SR260R\2D\DQ-1716-1.prt
02_套管,DQ-17*20-1,DQ-1720-1.prt,Y:/FAR\SR250\后花鼓\2D\DQ-1720-1.prt
02_套管,DQ-17*28-1,DQ-1728-1.prt,Y:/FAR\SR320-V\SR320R-V\2D\DQ-1728-1.prt
02_套管,DQ-20*09-1,DQ-2009-1.prt,Y:/公模花鼓\BMX\3D\DQ-2009-1.prt
03_左侧盖,02CG1916PTA,02CG1916PTA.prt,Y:/Princeston Carbon Works\PT01\2D\02CG1916PTA.prt
03_左侧盖,02CG2406PTA,02CG2406PTA.prt,Y:/Princeston Carbon Works\PT01\2D\02CG2406PTA.prt
03_左侧盖,02CG2521A,02CG2521A.prt,Y:/公模花鼓\M340-BOOST\M340F\2D\02CG2521A.prt
03_左侧盖,02CG2609M9A,02CG2609M9A.prt,Y:/公模花鼓\JT600\JT600F\2D\02CG2609M9A.prt
03_左侧盖,02CG2612M10A,02CG2612M10A.prt,Y:/公模花鼓\JT600\JT600R\2D\02CG2612M10A.prt
03_左侧盖,02CG2717A,02CG2717A.prt,Y:/FAR\CH\爆炸图\02CG2717A.prt
03_左侧盖,02CG27902050A,02CG27902050A.prt,Y:/公模花鼓\HW170\HW170F\2D\02CG27902050A.prt
03_左侧盖,02CG27902800A,02CG27902800A.prt,Y:/公模花鼓\HW170\HW170R\2D\02CG27902800A.prt
03_左侧盖,02CG2817DHA,02CG2817DHA.prt,Y:/公模花鼓\M510\3D\02CG2817DHA.prt
03_左侧盖,02CG2829TA,02CG2829TA.prt,Y:/碳帝\CS13\CS13R\2D\02CG2829TA.prt
03_左侧盖,02CG2833QRA,02CG2833QRA.prt,Y:/三也\T8280\T8280R\2D\02CG2833QRA.prt
03_左侧盖,02CG28401800A,02CG28401800A.prt,Y:/Brisk\BV3\BV3F\3D\02CG28401800A.prt
03_左侧盖,02CG28501815MA,02CG28501815MA.prt,Y:/公模花鼓\HX300\HX300F\2D\02CG28501815MA.prt
03_左侧盖,02CG2920A,02CG2920A.prt,Y:/定制花鼓\CM350\CM350F\2D\02CG2920A.prt
03_左侧盖,02CG2941QRA,02CG2941QRA.prt,Y:/三也\SR8220\SR8220R\2D\02CG2941QRA.prt
03_左侧盖,02CG3013A,02CG3013A.prt,Y:/公模花鼓\M400\3D\02CG3013A.prt
03_左侧盖,02CG3021A,02CG3021A.prt,Y:/公模花鼓\M400\3D\02CG3021A.prt
03_左侧盖,02CG3713A,02CG3713A.prt,Y:/公模花鼓\M510\3D\02CG3713A.prt
03_左侧盖,CG-24*18-1,CG-2418-1.prt,Y:/FAR\SR8108\SR74-A\2D\CG-2418-QR.prt
03_左侧盖,CG-26*16-1,CG-2616-1.prt,Y:/凯世迈\碟轮花鼓\T340\T340F\2D\CG-2616-1.prt
03_左侧盖,CG-26*21-1,CG-2621-1.prt,Y:/凯世迈\碟轮花鼓\T340\T340R\2D\CG-2621-1.prt
03_左侧盖,CG-26*25-1,CG-2625-1.prt,Y:/三唯乐\HX810\爆炸图\左侧盖CG-2625-1.prt
03_左侧盖,CG-27*22-1,CG-2722-1.prt,Y:/FAR\SR320-V\SR320F-V\2D\CG-2722-1.prt
03_左侧盖,CG-27*23-1,CG-2723-1.prt,Y:/公模花鼓\SR290-V\SR290F-V\2D\CG-2723-1.prt
03_左侧盖,CG-27*25-1,CG-2725-1.prt,Y:/FAR\SR250\后花鼓\2D\CG-2725-1.prt
03_左侧盖,CG-27*26-1,CG-2726-1.prt,Y:/FAR\SR8275\爆炸图\CG-2726-1.prt
03_左侧盖,CG-27*27-1,CG-2727-1.prt,Y:/FAR\SR320-V\SR320R-V\2D\CG-2727-1.prt
03_左侧盖,CG-27*30,CG-2730.prt,Y:/FAR\SH\SH0124-3D\CG-2730-1.prt
03_左侧盖,CG-27*31-1,CG-2731-1.prt,Y:/公模花鼓\SR290-V\SR290R-V\2D\CG-2731-1.prt
03_左侧盖,CG-27402760-1,CG-27402760-1.prt,Y:/公模花鼓\SR262-V\SR262R\3D\CG-27402760-1.prt
03_左侧盖,CG-27402840-1,CG-27402840-1.prt,Y:/EXS\JR8343\JR8343R\3D\CG-27402840.prt
03_左侧盖,CG-28*09-1,CG-2809-1.prt,Y:/公模花鼓\BMX\3D\CG-2809-1.prt
03_左侧盖,CG-28*19-1,CG-2819-1.prt,Y:/三也\T8330\T8330F\2D\CG-2819-QR.prt
03_左侧盖,CG-28*20-T,CG-2820-T.prt,Y:/EXS\JR8180\JR8180F\2D\CG-2820-T.prt
03_左侧盖,CG-28*21-1,CG-2821-1.prt,Y:/FAR\SH\SH0124-3D\CG-2821-1.prt
03_左侧盖,CG-28*21-M,CG-2821-M.prt,Y:/公模花鼓\M330-BOOST\前花毂M330F\2D\CG-2821-M.prt
03_左侧盖,CG-28*25-QR,CG-2825-QR.prt,Y:/三也\T8330\T8330F\2D\CG-2825-QR.prt
03_左侧盖,CG-28*28-T,CG-2828-T.prt,Y:/EXS\JR8180\JR8180R\2D\CG-2828-T.prt
03_左侧盖,CG-28*29-1,CG-2829-1.prt,Y:/FAR\SR320-D\SR320R-D\2D\CG-2829-1.prt
03_左侧盖,CG-28*30-QR,CG-2830-QR.prt,Y:/三也\T8330\T8330R\2D\CG-2830-QR.prt
03_左侧盖,CG-2818-QR,CG-2818-QR.prt,Y:/三也\SR8220\SR8220F\2D\CG-2818-QR.prt
03_左侧盖,CG-2822-QR,CG-2822-QR.prt,Y:/三也\T8280\T8280F\2D\CG-2822-QR.prt
03_左侧盖,CG-28401900-1,CG-28401900-1.prt,Y:/公模花鼓\SR350-T-V\SR350F-T-V\2D\CG-28401900-1.prt
03_左侧盖,CG-28402050-1,CG-28402050-1.prt,Y:/EXS\JR8343\JR8343F\3D\CG-28402050.prt
03_左侧盖,CG-29*29-QR,CG-2929-QR.prt,Y:/三也\T8330\T8330F\2D\CG-2929-QR.prt
03_左侧盖,CG-2923-QR,CG-2923-QR.prt,Y:/三也\SR8220\SR8220R\3D-20250801\CG-2923-QR.prt
03_左侧盖,CG-37*15-1,CG-3715-1.prt,Y:/公模花鼓\BMX\3D\CG-3715-1.prt
04_右侧盖_塔基端,02CG2330PTA,02CG2330PTA.prt,Y:/Princeston Carbon Works\PT01\2D\02CG2330PTA.prt
04_右侧盖_塔基端,02CG2417BHX,02CG2417BHX.prt,Y:/Brisk\BV3\BV3R\3D\02CG2417BHX.prt
04_右侧盖_塔基端,02CG25001250A,02CG25001250A.prt,Y:/COLNAGO\CGHW220\CGHW220F\3D\02CG25001250A.prt
04_右侧盖_塔基端,02CG2515A,02CG2515A.prt,Y:/公模花鼓\M340-BOOST\M340F\2D\02CG2515A.prt
04_右侧盖_塔基端,02CG2515CPQRA,02CG2515CPQRA.prt,Y:/公模花鼓\SR262-V\SR262R\2D\02CG2515CPQRA.prt
04_右侧盖_塔基端,02CG2521N3WQRA,02CG2521N3WQRA.prt,Y:/公模花鼓\SR262-V\SR262R\2D\02CG2521N3WQRA.prt
04_右侧盖_塔基端,02CG26301250A,02CG26301250A.prt,Y:/Brisk\BV3\BV3F\2D\02CG26301250A.prt
04_右侧盖_塔基端,02CG27125015MA,02CG27125015MA.prt,Y:/公模花鼓\HX300\HX300F\2D\02CG27125015MA.prt
04_右侧盖_塔基端,02CG27901130A,02CG27901130A.prt,Y:/公模花鼓\HW170\HW170F\2D\02CG27901130A.prt
04_右侧盖_塔基端,02CG2925QRA,02CG2925QRA.prt,Y:/三也\SR8220\SR8220R\2D\02CG2925QRA.prt
04_右侧盖_塔基端,02CG3011A,02CG3011A.prt,Y:/定制花鼓\CM350\CM350F\2D\02CG3011A.prt
04_右侧盖_塔基端,02CG32187A,02CG32187A.prt,Y:/STREN\SR815\SR815F\3D\02CG32187A.prt
04_右侧盖_塔基端,02CG3218A,02CG3218A.prt,Y:/定制花鼓\8320\8320F\2D\02CG3218A.prt
04_右侧盖_塔基端,CG-24*13-1,CG-2413-1.prt,Y:/公模花鼓\SR260\SR260F\2D\CG-2413-1.prt
04_右侧盖_塔基端,CG-24*17-XDR,CG-2417-XDR.prt,Y:/公模花鼓\SR330\SR330R\2D\CG-2417-XDR.prt
04_右侧盖_塔基端,CG-24401750-1,CG-24401750-1.prt,Y:/FAR\CH\CH0124爆炸图\CG-24401750-1.prt
04_右侧盖_塔基端,CG-24701820-XTR,CG-24701820-XTR.prt,Y:/公模花鼓\CM300\CM300R\3D\CG-24701820-XTR.prt
04_右侧盖_塔基端,CG-25*17-1,CG-2517-1.prt,Y:/EXS\JR8180\JR8180R\2D\CG-2517-XDR-T.prt
04_右侧盖_塔基端,CG-25*19-CP,CG-2519-CP.prt,Y:/公模花鼓\HX825\HX825R\3D\CG-2519-CP.prt
04_右侧盖_塔基端,CG-25*19-N3W,CG-2519-N3W.prt,Y:/公模花鼓\HX825\HX825R\3D\CG-2519-N3W.prt
04_右侧盖_塔基端,CG-25*20-MSR,CG-2520-MSR.prt,Y:/STREN\C001\C001R\3D\CG-2520-MSR.prt
04_右侧盖_塔基端,CG-26*16-1,CG-2616-1.prt,Y:/凯世迈\碟轮花鼓\T340\T340F\2D\CG-2616-1.prt
04_右侧盖_塔基端,CG-26*17-XDR,CG-2617-XDR.prt,Y:/公模花鼓\SR340\后花毂SR340R\2D\CG-2617-XDR-1.prt
04_右侧盖_塔基端,CG-26*18-1,CG-2618-1.prt,Y:/FAR\SR320-D\SR320R-D\2D\CG-2618-1.prt
04_右侧盖_塔基端,CG-26*19-1,CG-2619-1.prt,Y:/FAR\SR8275\爆炸图\CG-2619-QR.prt
04_右侧盖_塔基端,CG-26*28-QR,CG-2628-QR.prt,Y:/FAR\SR8275\爆炸图\CG-2628-QR.prt
04_右侧盖_塔基端,CG-27*19-1,CG-2719-1.prt,Y:/FAR\SR320-V\SR320R-V\2D\CG-2719-1.prt
04_右侧盖_塔基端,CG-28*11-T,CG-2811-T.prt,Y:/EXS\JR8180\JR8180F\2D\CG-2811-T.prt
04_右侧盖_塔基端,CG-28*15-1,CG-2815-1.prt,Y:/FAR\SR8275\爆炸图\CG-2815-1.prt
04_右侧盖_塔基端,CG-28*15-M,CG-2815-M.prt,Y:/公模花鼓\M330-BOOST\前花毂M330F\2D\CG-2815-M.prt
04_右侧盖_塔基端,CG-2834-QR,CG-2834-QR.prt,Y:/三也\T8280\T8280R\2D\DWG\CG-2834-QR.prt
04_右侧盖_塔基端,CG-28401500-1,CG-28401500-1.prt,Y:/EXS\JR8343\JR8343F\3D\CG-28401500.prt
04_右侧盖_塔基端,CG-28601710-1,CG-28601710-1.prt,Y:/EXS\JR8343\JR8343R\3D\CG-28601710.prt
04_右侧盖_塔基端,CG-29*17-1,CG-2917-1.prt,Y:/EXS\JR8180\JR8180R\2D\CG-2917-T.prt
04_右侧盖_塔基端,CG-29*19-QR,CG-2919-QR.prt,Y:/三也\T8330\T8330R\2D\CG-2919-QR.prt
04_右侧盖_塔基端,CG-32*17-1,CG-3217-1.prt,Y:/公模花鼓\BMX\3D\CG-3217-1.prt
04_右侧盖_塔基端,CG-35*15-1,CG-3515-1.prt,Y:/FAR\SH\SH0124-3D\CG-3515-1.prt
